<application>
  <component name="FileTypeManager" version="17">
    <extensionMap>
      <mapping ext="webp" type="Image" />
      <mapping ext="main.kts" type="Kotlin" />
      <mapping ext="gradle.kts" type="Kotlin" />
      <mapping pattern="PluginTest.java" type="PLAIN_TEXT" />
      <mapping pattern=".ignore" type="PLAIN_TEXT" />
      <mapping pattern="bg_fish_raiders.xml" type="PLAIN_TEXT" />
      <mapping pattern="笔记" type="PLAIN_TEXT" />
      <mapping pattern="text.md" type="PLAIN_TEXT" />
      <mapping ext="pt" type="PLAIN_TEXT" />
      <mapping ext="cer" type="PLAIN_TEXT" />
      <mapping ext="lic" type="PLAIN_TEXT" />
      <mapping ext="model" type="PLAIN_TEXT" />
      <mapping ext="exec" type="PLAIN_TEXT" />
      <mapping ext="ream" type="SQL" />
      <mapping ext="realm" type="SQL" />
    </extensionMap>
  </component>
</application>